{"_step":9,"_wandb":{"runtime":324},"_runtime":324,"train_loss":0.0023754196855098582,"test_loss":0.002275102740872793,"epoch":10,"_timestamp":1.76279324614759e+09}