{"_timestamp":1.762792849491765e+09,"_step":9,"train_loss":0.00488899216683371,"test_loss":0.004646827587622065,"epoch":10,"_wandb":{"runtime":26},"_runtime":26}